Workbook

Sheet Léeme
A1: Partes diarios de la ARCH (Ecuador), 8 al 15 de septiembre de 2026: planilla de referencia del curso (sesión 3).
A2: Fuente: Reporte diario preliminar de producción y operaciones, controlhidrocarburos.gob.ec. Volúmenes sujetos a revisión.
A3: Cada parte informa el día de operación anterior. Los días de operación 11 y 12 de septiembre no tienen parte propio.
A4: Números pasados a punto decimal. En el original: punto de miles y coma decimal; el gas cambia de formato según el día.
A5: Hoja Control: sumas contra los totales del parte, y la "producción anterior" de cada día contra el parte previo.

Sheet Resumen
A1: operacion | B1: EP Petroecuador (bppd) | C1: Privadas (bppd) | D1: Total nacional (bppd) | E1: Total según el parte | F1: Diferencia
A2: 2026-09-07 | B2: =SUMIFS('Producción por compañía'!$F$2:$F$85,'Producción por compañía'!$B$2:$B$85,A2,'Producción por compañía'!$D$2:$D$85,"pública") | C2: =SUMIFS('Producción por compañía'!$F$2:$F$85,'Producción por compañía'!$B$2:$B$85,A2,'Producción por compañía'!$D$2:$D$85,"privada") | D2: =B2+C2 | E2: 443711.91 | F2: =D2-E2
A3: 2026-09-08 | B3: =SUMIFS('Producción por compañía'!$F$2:$F$85,'Producción por compañía'!$B$2:$B$85,A3,'Producción por compañía'!$D$2:$D$85,"pública") | C3: =SUMIFS('Producción por compañía'!$F$2:$F$85,'Producción por compañía'!$B$2:$B$85,A3,'Producción por compañía'!$D$2:$D$85,"privada") | D3: =B3+C3 | E3: 457624.54 | F3: =D3-E3
A4: 2026-09-09 | B4: =SUMIFS('Producción por compañía'!$F$2:$F$85,'Producción por compañía'!$B$2:$B$85,A4,'Producción por compañía'!$D$2:$D$85,"pública") | C4: =SUMIFS('Producción por compañía'!$F$2:$F$85,'Producción por compañía'!$B$2:$B$85,A4,'Producción por compañía'!$D$2:$D$85,"privada") | D4: =B4+C4 | E4: 457670.12 | F4: =D4-E4
A5: 2026-09-10 | B5: =SUMIFS('Producción por compañía'!$F$2:$F$85,'Producción por compañía'!$B$2:$B$85,A5,'Producción por compañía'!$D$2:$D$85,"pública") | C5: =SUMIFS('Producción por compañía'!$F$2:$F$85,'Producción por compañía'!$B$2:$B$85,A5,'Producción por compañía'!$D$2:$D$85,"privada") | D5: =B5+C5 | E5: 463100.1 | F5: =D5-E5
A6: 2026-09-13 | B6: =SUMIFS('Producción por compañía'!$F$2:$F$85,'Producción por compañía'!$B$2:$B$85,A6,'Producción por compañía'!$D$2:$D$85,"pública") | C6: =SUMIFS('Producción por compañía'!$F$2:$F$85,'Producción por compañía'!$B$2:$B$85,A6,'Producción por compañía'!$D$2:$D$85,"privada") | D6: =B6+C6 | E6: 465110.65 | F6: =D6-E6
A7: 2026-09-14 | B7: =SUMIFS('Producción por compañía'!$F$2:$F$85,'Producción por compañía'!$B$2:$B$85,A7,'Producción por compañía'!$D$2:$D$85,"pública") | C7: =SUMIFS('Producción por compañía'!$F$2:$F$85,'Producción por compañía'!$B$2:$B$85,A7,'Producción por compañía'!$D$2:$D$85,"privada") | D7: =B7+C7 | E7: 463812.77 | F7: =D7-E7

Sheet Producción por compañía
A1: publicado | B1: operacion | C1: compania | D1: tipo | E1: anterior_bppd | F1: dia_bppd | G1: incremento_bppd | H1: estimado_bppd | I1: cumplimiento_pct
A2: 2026-09-08 | B2: 2026-09-07 | C2: EP PETROECUADOR | D2: pública | E2: 344323.93 | F2: 346742.97 | G2: 2419.04 | H2: 368133.51 | I2: 94.19
A3: 2026-09-08 | B3: 2026-09-07 | C3: ANDES PETROLEUM ECUADOR LTD | D3: privada | E3: 23807.49 | F3: 23903.71 | G3: 96.22 | H3: 23607 | I3: 101.25
A4: 2026-09-08 | B4: 2026-09-07 | C4: CONSORCIO BLOQUE ESPEJO | D4: privada | E4: 0 | F4: 0 | G4: 0 | H4: 352.37 | I4: 0
A5: 2026-09-08 | B5: 2026-09-07 | C5: CONSORCIO BLOQUE PERICO | D5: privada | E5: 1007.28 | F5: 1009.76 | G5: 2.48 | H5: 1050.5 | I5: 0
A6: 2026-09-08 | B6: 2026-09-07 | C6: ENAP SIPETROL S.A. - ENAP SIPEC | D6: privada | E6: 26963.81 | F6: 26948.32 | G6: -15.49 | H6: 26670.31 | I6: 101.04
A7: 2026-09-08 | B7: 2026-09-07 | C7: GENTE OIL ECUADOR PTE.LTD | D7: privada | E7: 3392.32 | F7: 3385.53 | G7: -6.79 | H7: 4011.8 | I7: 84.39
A8: 2026-09-08 | B8: 2026-09-07 | C8: GRAN TIERRA ENERGY COLOMBIA LLC | D8: privada | E8: 6586.4 | F8: 6475.15 | G8: -111.25 | H8: 4921.85 | I8: 131.56
A9: 2026-09-08 | B9: 2026-09-07 | C9: ORION ENERGY OCANOPB S.A. | D9: privada | E9: 1663.52 | F9: 1658.54 | G9: -4.98 | H9: 1188.97 | I9: 139.49
A10: 2026-09-08 | B10: 2026-09-07 | C10: ORIONOIL ER S.A | D10: privada | E10: 2953.07 | F10: 2953.37 | G10: 0.3 | H10: 3534.3 | I10: 83.56
A11: 2026-09-08 | B11: 2026-09-07 | C11: PCR-ECUADOR S.A. | D11: privada | E11: 11590.56 | F11: 11618.18 | G11: 27.62 | H11: 10921.02 | I11: 106.38
A12: 2026-09-08 | B12: 2026-09-07 | C12: PETROBELL S.A. | D12: privada | E12: 4677.43 | F12: 4678.94 | G12: 1.51 | H12: 3294.13 | I12: 142.04
A13: 2026-09-08 | B13: 2026-09-07 | C13: PETROLEOS DEL PACIFICO S.A. PACIFPETROL | D13: privada | E13: 911.76 | F13: 941.76 | G13: 30 | H13: 883.13 | I13: 106.64
... A85: 2026-09-15 | B85: 2026-09-14 | C85: PLUSPETROL ECUADOR B.V | D85: privada | E85: 6465.31 | F85: 6454.96 | G85: -10.35 | H85: 6200.5 | I85: 104.1

Sheet Pozos y gas
A1: operacion | B1: grupo | C1: en producción | D1: en reacondicionamiento o completación | E1: en perforación
A2: 2026-09-07 | B2: publica | C2: 1886 | D2: 45 | E2: 4
A3: 2026-09-07 | B3: privadas | C3: 756 | D3: 5 | E3: 1
A4: 2026-09-07 | B4: total | C4: 2642 | D4: 50 | E4: 5
A5: 2026-09-08 | B5: publica | C5: 1886 | D5: 46 | E5: 3
A6: 2026-09-08 | B6: privadas | C6: 746 | D6: 5 | E6: 1
A7: 2026-09-08 | B7: total | C7: 2632 | D7: 51 | E7: 4
A8: 2026-09-09 | B8: publica | C8: 1833 | D8: 43 | E8: 3
A9: 2026-09-09 | B9: privadas | C9: 748 | D9: 4 | E9: 1
A10: 2026-09-09 | B10: total | C10: 2581 | D10: 47 | E10: 4
A11: 2026-09-10 | B11: publica | C11: 1885 | D11: 42 | E11: 4
A12: 2026-09-10 | B12: privadas | C12: 694 | D12: 3 | E12: 2
A13: 2026-09-10 | B13: total | C13: 2579 | D13: 45 | E13: 6
... A19: 2026-09-14 | B19: total | C19: 2616 | D19: 47 | E19: 6
A21: operacion | B21: gas EP Petroecuador (MPCPD) | C21: como viene en el PDF
A22: 2026-09-07 | B22: 24294.81 | C22: 24.294,81
A23: 2026-09-08 | B23: 24629.22 | C23: 24.629,22
A24: 2026-09-09 | B24: 24530.67 | C24: 24.530,67
A25: 2026-09-10 | B25: 24481.71 | C25: 24.481,71
A26: 2026-09-13 | B26: 24191.03 | C26: 24.191,03
A27: 2026-09-14 | B27: 24201.44 | C27: 24201.44

Sheet Novedades
A1: operacion | B1: compania | C1: texto original
A2: 2026-09-07 | B2: EP PETROECUADOR | C2: BLOQUE-7: POZO OSO-92H CERRADO POR PRUEBAS DE MEDICIÓN DE RESISTENCIA, AISLAMIENTO Y CONTINUIDAD. POZO OSO-2 CERRADO POR MANTENIMIENTO PREVENTIVO DE UNIDAD POWER OIL. POZO PAYAMINO-2 CERRADO POR MANTENIMIENTO PREVENTIVO DE GENERADOR. BLOQUE-16: POZOS DAIMI-A4HM1, IRO-A12HM1, CERRADOS 24 HORAS POR CONTROL DE NIVELES DE TANQUES. BLOQUE-21: POZO YURALPA CENTRO-1 CERRADO POR MANTENIMIENTO DE UNIDAD POWER OIL. BLOQUE-43: 163 POZOS DEL BLOQUE-43 CERRADOS TEMPORALMENTE POR FALLA DE COMPONENTE DE SEGURIDAD. BLOQUE-57: POZO AGUARICO C047HS1 UI CERRADO 12 HORAS PÉRDIDAS CABLE ELÉCTRICO; POZO PARAHUACU-32 CERRADO 12 HORAS PRESENTA BAJO APORTE. POZO TETETE-12 CERRADO POR MANTENIMIENTO PREVENTIVO DE GENERADOR. POZO ATACAPI-14 CERRADO POR CAMBIO DE BOMBA JET. BLOQUE-58: POZO SANSAHUARI-4 CERRADO POR MANTENIMIENTO DE UNIDAD TRIPLEX. BLOQUE-60: POZO SACHA-623 CERRADO 24 HORAS EN TRABAJO DE REACONDICIONAMIENTO. POZO SACJA-116 CERRADO POR CAMBIO DE BOMBA JET. POZOS SACHA: 495-219 CON INCREMENTO DE BSW. BLOQUE-61: 72 POZOS DE AUCA CERRADOS TEMPORALMENTE POR FALLAS ELÉCTRICAS, POZO AUCA-214 CERRADO 24 HORAS TRABAJO DE REACONDICIONAMIENTO; POZOS AUCA-129H; AUCA-28 CERRADOS 24 HORAS TRABAJOS RIGLESS. POZOS YULEBRA-22 Y CULEBRA-41 CON BAJO APORTE. POZO CULEBRA-33 CON INCREMENTO DE BSW.
A3: 2026-09-07 | B3: ANDES PETROLEUM ECUADOR LTD | C3: 11 POZOS DE LOS CAMPO ALICE OESTE, CHORONGO, DORINE Y FANNY-18B CONTINÚAN CERRADOS POR ALTO CORTE DE AGUA; 12 POZOS DE LOS CAMPOS FANNY, JOHANNA ESTE, MARIANN Y MARIANN-A4 CONTINÚAN CERRADOS POR BAJA PRODUCCIÓN. 19 POZOS DE LOS CAMPOS COLIBRI, DORINE, FANNY-18B, GABY, JOHANNA ESTE, MAHOGANY Y MARIAN CONTINÚAN CERRADOS ESPERANDO PLAN DE INGENIERÍA; 15 POZOS DE LOS CAMPOS DORINE, FANNY-18B, JOHANNA ESTE Y MARIANN CERRADOS ESPERANDO REACONDICIONAMIENTO. 37 POZOS DE LOS CAMPOS ALICE, ALICE OESTE, DORINE, ESPERANZA, FANNY-18B, JOHANNA ESTE, MARIANN, TARAPOA NORESTE CERRADOS POR NO SER ECONÓMICOS. POZO DORINE-19 CERRADO DEBIDO A QUE NO TIENE POTENCIAL DE RESERVAS. POZOS ALICE- 4 Y FANNY-18B16RE1 CERRADO POR FALLA DE BOMBEO MECÁNICO. POZO MARIANN-18 Y MARIANN-27 CERRADO POR MANTENIMIENTO PREVENTIVO DE UNIDAD DE BOMBEO HIDRÁULICO.
A4: 2026-09-07 | B4: PETROORIENTAL | C4: 20 POZOS DE LOS CAMPOS NANTU, WANKE, HORMIGUERO, HORMIGUERO SUR, PAICHE, TAPIR NORTE CERRADO POR FALLA EN EQUIPO DE FONDO; POZOS HORMIGUERO-33-43, HORMIGUERO SUR-5 Y NANTU-28 APAGADOS 24 HORAS POR ALTO CORTE DE AGUA; 21 POZOS DE LOS CAMPOS KUPI, NANTU, HORMIGUERO, HORMIGUERO SUR, TAPIR NORTE APAGADOS 24 HORAS POR BAJA PRODUCCIÓN; 5 POZOS DE LOS CAMPOS KUPI, NANTU, WANKE Y HORMIGUERO APAGADOS 24 HORAS SIN RESERVAS POTENCIALES; POZO TAPIR NORTE-29 CON TUBERÍA DE PUNTA LIBRE. POZO NANTU-35 Y HORMIGUERO CENTRO-1 CERRADO POR COMUNICACIÓN TUBING-CASING. POZO HORMIGUERO-27 CERRADO ESPERANDO PLAN DE INGENIERÍA.
A5: 2026-09-07 | B5: PETRÓLEOS DEL PACIFICO S.A. PACIFPETROL.-20 POZOS DEL BLOQUE-2 CERRADOS 24 HORAS NO EVALUADOS. *CÍA. ORION ENERGY OCANO PB S.A | C5: POZO MIRA-2 CERRADO POR BAJO APORTE.
A6: 2026-09-07 | B6: ORION OIL ER S.A | C6: POZO RON-9 CON BAJO APORTE. *ENAP SIPETROL S.A. - ENAP SIPEC.- BLOQUE-47: POZO COPAL-1 CERRADO POR POSIBLE TAPONAMIENTO EN FONDO. POZO BIGUNO-2 CERRADO SIN RETORNO EN SUPERFICIE. POZO BIGUNO-1 CERRADO PARA LIMPIEZA DE COMPLETACION DE FONDO. POZO INCHI-E16 CERRADO POR ALARMA DE ALTA TEMPERATURA DE INTAKE. * CÍA. GENTE OIL ECUADOR PTE.LTD.- POZO SINGUE-B12H CERRADO EN ESPERA DE REACONDICIONAMIENTO. POZO SINGUE-N21 CERRADO PARA COMPLETACIÓN DEFINITIVA. POZO SINGUE-B8 SE BAJA FRECUENCIA POR CONTROL DE AGUA DE FORMACIÓN.
A7: 2026-09-07 | B7: PLUSPETROL OIL ECUADOR | C7: POZO VILLANO: 03ST2-11RE1-15H EN ESPERA DE REACONDICIONAMIENTO. POZO VILLANO-29H REDUCCIÓN DE NETOS POR PARADA MANUAL POR ALTA TEMPERATURA DEL MOTOR.
A8: 2026-09-07 | B8: PETROBELL S.A | C8: POZOS: CACHIYACU-1 CERRADO 24 HORAS POR PROBLEMAS EN LA OPERACIÓN. POZOS TIGUINO: 19-22 ESPERANDO REACONDICIONAMIENTO.
A9: 2026-09-07 | B9: PCR ECUADOR S.A | C9: BLOQUE-65: PINDO-24D CERRADO POR REACONDICIONAMIENTO.
A10: 2026-09-07 | B10: GRAN TIERRA ENERGY COLOMBIA LLC | C10: NO REPORTA PÉRDIDAS.
A11: 2026-09-07 | B11: CONSORCIO BLOQUE ESPEJO | C11: SUSPENSIÓN TEMPORAL DE PRODUCCIÓN DE POZOS POR RAZONES TÉCNICAS-ECONÓMICAS A PARTIR DEL DÍA OPERATIVO 1 DE JUNIO DE 2025, DE ACUERDO A LA COMUNICACIÓN NRO. S-GBE-2025-000112 ENVIADO AL MINISTERIO DE AMBIENTE Y ENERGÍA.
A12: 2026-09-07 | B12: CONSORCIO BLOQUE PERICO | C12: NO REPORTA PÉRDIDAS. * LOS ESTIMADOS DE PRODUCCIÓN DE CRUDO CON BASE A LA COMUNICACIÓN ENVIADA POR EL MINISTERIO DE AMBIENTE Y ENERGÍA MEDIANTE OFICIO Nro. MAE-VH-2026-0144-OF DE 23 DE MARZO DE 2026. ELABORADO POR: ISRAEL JARA AGENCIA DE REGULACIÓN Y CONTROL DE HIDROCARBUROS REVISADO POR: GUILLERMO VINUEZA
... A67: 2026-09-14 | B67: CONSORCIO BLOQUE PERICO | C67: NO REPORTA PÉRDIDAS. * LOS ESTIMADOS DE PRODUCCIÓN DE CRUDO CON BASE A LA COMUNICACIÓN ENVIADA POR EL MINISTERIO DE AMBIENTE Y ENERGÍA MEDIANTE OFICIO Nro. MAE-VH-2026-0144-OF DE 23 DE MARZO DE 2026. ELABORADO POR: ISRAEL JARA AGENCIA DE REGULACIÓN Y CONTROL DE HIDROCARBUROS REVISADO POR: GUILLERMO VINUEZA

Sheet Control
A1: operacion | B1: control | C1: calculado | D1: según el parte | E1: diferencia
A2: 2026-09-07 | B2: privadas suman el subtotal | C2: 96968.94 | D2: 96968.94 | E2: 0
A3: 2026-09-07 | B3: compañías suman el total nacional | C3: 443711.91 | D3: 443711.91 | E3: 0
A4: 2026-09-07 | B4: bloques suman EP Petroecuador | C4: 346742.97 | D4: 346742.97 | E4: 0
A5: 2026-09-08 | B5: privadas suman el subtotal | C5: 96766.01 | D5: 96766.01 | E5: 0
A6: 2026-09-08 | B6: compañías suman el total nacional | C6: 457624.54 | D6: 457624.54 | E6: 0
A7: 2026-09-08 | B7: bloques suman EP Petroecuador | C7: 360858.53 | D7: 360858.53 | E7: 0
A8: 2026-09-08 | B8: anterior de EP PETROECUADOR contra el parte previo (2026-09-07) | C8: 346742.97 | D8: 346741.11 | E8: -1.86
A9: 2026-09-09 | B9: privadas suman el subtotal | C9: 96431.49 | D9: 96431.49 | E9: 0
A10: 2026-09-09 | B10: compañías suman el total nacional | C10: 457670.12 | D10: 457670.12 | E10: 0
A11: 2026-09-09 | B11: bloques suman EP Petroecuador | C11: 361238.63 | D11: 361238.63 | E11: 0
A12: 2026-09-09 | B12: anterior de EP PETROECUADOR contra el parte previo (2026-09-08) | C12: 360858.53 | D12: 360856.5 | E12: -2.03
A13: 2026-09-10 | B13: privadas suman el subtotal | C13: 97004.89 | D13: 97004.89 | E13: 0
... A19: 2026-09-13 | B19: bloques suman EP Petroecuador | C19: 368058.36 | D19: 368058.36 | E19: 0
A20: 2026-09-13 | B20: sin parte de los días entre 2026-09-10 y 2026-09-13: la "producción anterior" de este parte es la única cifra del 2026-09-12 | D20: 368127.46 | E20: 0
A21: 2026-09-14 | B21: privadas suman el subtotal | C21: 97253.11 | D21: 97253.11 | E21: 0
A22: 2026-09-14 | B22: compañías suman el total nacional | C22: 463812.77 | D22: 463812.77 | E22: 0
A23: 2026-09-14 | B23: bloques suman EP Petroecuador | C23: 366559.66 | D23: 366559.66 | E23: 0
A24: 2026-09-14 | B24: anterior de ANDES PETROLEUM ECUADOR LTD contra el parte previo (2026-09-13) | C24: 23814.41 | D24: 23816.18 | E24: 1.77
